﻿<?xml version="1.0" encoding="utf-8"?>
<abapGit version="v1.0.0" serializer="LCL_OBJECT_DTEL" serializer_version="v1.0.0">
 <asx:abap xmlns:asx="http://www.sap.com/abapxml" version="1.0">
  <asx:values>
   <DD04V>
    <ROLLNAME>ZSOURCE</ROLLNAME>
    <DDLANGUAGE>1</DDLANGUAGE>
    <HEADLEN>20</HEADLEN>
    <SCRLEN1>10</SCRLEN1>
    <SCRLEN2>10</SCRLEN2>
    <SCRLEN3>15</SCRLEN3>
    <DDTEXT>非加密源代码</DDTEXT>
    <REPTEXT>非加密源代码</REPTEXT>
    <SCRTEXT_S>非加密源代码</SCRTEXT_S>
    <SCRTEXT_M>非加密源代码</SCRTEXT_M>
    <SCRTEXT_L>非加密源代码</SCRTEXT_L>
    <DTELMASTER>1</DTELMASTER>
    <DATATYPE>CHAR</DATATYPE>
    <LENG>001333</LENG>
    <OUTPUTLEN>001333</OUTPUTLEN>
   </DD04V>
  </asx:values>
 </asx:abap>
</abapGit>
